Customer_ID,Subscription_Length,Monthly_Spend,Churn
C500,2,181.04826758073165,Yes
C501,9,165.6947750678649,Yes
C502,30,198.42478907547903,No
C503,34,49.2147838738824,Yes
C504,10,54.56653403172383,Yes
C505,46,86.1200979427844,No
C506,9,78.43858709792929,No
C507,24,188.92273327909214,Yes
C508,58,119.21873227855657,No
C509,43,160.0303580640107,No
C510,57,132.29564648359474,No
C511,18,46.88370278947453,No
C512,43,145.14802991365005,No
C513,56,172.76012257431066,Yes
C514,21,91.68215411417414,Yes
C515,43,172.1612586551208,Yes
C516,54,143.60750900497334,Yes
C517,45,93.87182067256313,No
C518,9,144.9466816089078,No
C519,2,26.562372845955615,No
C520,4,191.8788484248392,No
C521,44,106.41458317095899,Yes
C522,32,171.65242703951955,Yes
C523,37,120.29665205190867,No
C524,55,154.29623176981113,Yes
C525,46,52.47509495495386,Yes
C526,12,93.78642339745087,No
C527,29,35.671458673691596,Yes
C528,36,195.95248707965322,Yes
C529,38,100.86997579898758,Yes
C530,6,102.72696311800631,Yes
C531,49,42.06232843964153,Yes
C532,48,173.81577251655827,No
C533,52,88.8123974820713,No
C534,47,89.9942078919004,Yes
C535,9,103.42331457525825,Yes
C536,39,164.4464721764353,No
C537,27,155.0446864083325,Yes
C538,24,102.99208411720629,Yes
C539,20,85.82001376869489,No
C540,4,133.74900243151978,No
C541,36,57.790758145287995,No
C542,56,60.99446812491349,Yes
C543,30,128.18181641556714,Yes
C544,48,170.37365748235675,Yes
C545,31,168.88390380950773,Yes
C546,21,39.92406982948415,No
C547,13,59.128044988790336,No
C548,49,159.54003366463965,Yes
C549,38,23.14146588889,No
C550,5,183.08435305037895,Yes
C551,51,136.85457849117796,Yes
C552,29,76.78689320903592,No
C553,38,32.51053281684621,No
C554,42,160.8374918348631,Yes
C555,54,60.830438810840306,No
C556,13,23.62479126316525,No
C557,19,138.91423567982213,No
C558,7,97.70738828318581,Yes
C559,48,110.06852326928146,Yes
C560,32,69.55574049079097,No
C561,40,87.94287097006685,Yes
C562,27,54.8427996934509,Yes
C563,7,191.15901664697432,No
C564,49,57.8303806803432,Yes
C565,44,156.1226843712514,No
C566,27,198.6380442383378,No
C567,41,110.22275831648011,No
C568,9,25.807097163341407,Yes
C569,4,119.6077274993116,Yes
C570,42,90.41309920846332,No
C571,40,129.01464008317845,Yes
C572,30,77.144118083279,Yes
C573,49,143.1167464500657,No
C574,40,106.36799961798599,Yes
C575,12,66.8060764619419,Yes
C576,13,61.52567467286735,Yes
C577,26,42.91262129703828,Yes
C578,47,152.33323139566988,No
C579,34,116.1756309654923,No
C580,18,141.61845192732756,Yes
C581,29,72.39930461506064,No
C582,57,197.68924333840525,No
C583,51,99.90301439993956,No
C584,37,104.56973636323066,Yes
C585,39,171.64021132378946,No
C586,2,79.4834915496686,Yes
C587,10,108.6497076345997,Yes
C588,34,23.72322707118814,No
C589,32,164.36940161749433,No
C590,25,46.222585959570964,Yes
C591,2,20.593188012201374,No
C592,11,113.18184881292228,No
C593,28,45.57571629785629,Yes
C594,42,160.01274850246705,No
C595,23,165.42999677595603,No
C596,26,119.59290579962816,Yes
C597,37,179.30156043760576,No
C598,22,43.17916950754473,Yes
C599,13,141.4440794384271,No
C600,21,102.41846723467322,Yes
C601,35,55.712176179301494,Yes
C602,27,127.02435435858675,Yes
C603,16,25.10453943336784,No
C604,54,129.60732162770896,Yes
C605,35,81.05796060151215,Yes
C606,45,116.39878901578669,No
C607,16,63.69042163733725,No
C608,11,97.58027246628433,Yes
C609,30,192.05962748493664,Yes
C610,22,114.96990643408589,No
C611,15,56.11747290686193,No
C612,21,138.9133441334219,No
C613,19,134.692240829272,No
C614,42,100.62000876824645,Yes
C615,46,103.72647209987873,Yes
C616,36,182.45350045478511,No
C617,13,27.89082970534728,No
C618,17,174.2470272684131,No
C619,57,161.16762624309405,Yes
C620,19,120.94038333334625,Yes
C621,30,130.0358962415557,No
C622,27,122.38306665794775,No
C623,15,166.3686398179927,No
C624,31,91.82761564900312,No
C625,26,74.48035370226238,Yes
C626,6,64.16212977935737,Yes
C627,27,62.937935449042385,No
C628,5,100.75119907930274,No
C629,43,130.04081355584566,No
C630,28,89.44254108343783,No
C631,45,195.8920410537869,Yes
C632,15,21.10932528748598,No
C633,9,137.64430735399006,No
C634,3,194.48411155141372,No
C635,23,180.1230269938061,Yes
C636,52,147.95460647916696,Yes
C637,22,97.28799619700109,Yes
C638,51,92.57215352988736,Yes
C639,54,141.03260023460382,No
C640,20,99.93133402446199,No
C641,13,87.24369142059965,Yes
C642,6,157.61735755746096,Yes
C643,55,93.45699989857115,Yes
C644,22,177.05765410110277,Yes
C645,37,29.845516306899263,No
C646,52,20.20499114164929,Yes
C647,27,84.96752701547885,No
C648,5,38.272030761340154,Yes
C649,5,139.70634824969977,No
C650,39,71.34220741726196,No
C651,38,82.79955976477291,Yes
C652,23,154.06617402523284,No
C653,34,109.92598550784751,Yes
C654,8,150.18369042472605,No
C655,14,102.42887764940599,Yes
C656,49,174.01326568537297,Yes
C657,30,159.58784494737148,Yes
C658,22,127.7774000572993,No
C659,12,89.74996883936242,No
C660,20,179.02214934608685,Yes
C661,42,192.7696843640382,No
C662,31,195.4500786251544,No
C663,47,32.179728476009366,No
C664,49,180.3429354150211,No
C665,23,134.76358635502856,No
C666,51,133.94354971542526,No
C667,58,49.15884461729004,No
C668,27,157.65955426498172,Yes
C669,48,172.12224323736496,Yes
C670,30,128.77371933309132,No
C671,37,79.04161044274429,No
C672,38,117.96041977538528,No
C673,52,185.72073898261746,Yes
C674,2,43.083408700182105,No
C675,33,153.87603929900013,Yes
C676,6,139.35210973101468,Yes
C677,55,167.929435419663,Yes
C678,13,100.3448059354566,No
C679,51,26.491676167896372,No
C680,43,73.85719964640616,No
C681,33,164.74264008225336,Yes
C682,39,23.413131637235768,Yes
C683,30,50.599598785190736,No
C684,37,36.18390725674995,No
C685,39,138.22456065452096,No
C686,31,195.2261874110205,No
C687,20,134.898437503604,Yes
C688,36,149.50959255979478,Yes
C689,35,41.68886159160748,Yes
C690,23,34.39623030872916,No
C691,59,70.32377619943013,Yes
C692,44,23.974981855995065,Yes
C693,3,124.73317732867525,Yes
C694,57,51.32817079472161,No
C695,47,69.01621287096455,Yes
C696,28,62.51915319523069,No
C697,59,179.9427187859868,Yes
C698,57,78.49708993868805,Yes
C699,31,109.06181139962055,Yes
C700,54,85.44052180397688,No
C701,17,20.450205434457615,Yes
C702,51,163.04827451771564,Yes
C703,14,170.76997956645283,No
C704,22,197.84002535086782,No
C705,24,36.349088303307795,No
C706,58,74.4887144756791,No
C707,51,45.3061345194241,No
C708,52,20.994042395256923,Yes
C709,24,134.205951360909,Yes
C710,9,166.97821745315485,No
C711,18,145.53757352853734,No
C712,51,101.58320754120516,Yes
C713,16,79.1610482574569,Yes
C714,20,185.98537678700276,Yes
C715,22,136.9231619290373,Yes
C716,39,70.16505012182088,Yes
C717,10,50.06481444418886,No
C718,44,70.6869864587135,No
C719,29,73.27680215216859,Yes
C720,36,105.30585714793325,Yes
C721,32,36.00405057326647,Yes
C722,15,52.256282543954015,No
C723,33,31.557981908342725,No
C724,33,36.17130754584274,No
C725,2,190.67400632101285,Yes
C726,15,181.83890904562375,Yes
C727,59,169.53536264074296,No
C728,48,109.55621627728524,Yes
C729,56,87.7675543227376,Yes
C730,18,125.13920797228221,No
C731,42,21.811638908518784,Yes
C732,27,115.58268966182818,No
C733,27,199.97710642078104,Yes
C734,56,72.44216463855386,No
C735,10,46.08928150554099,Yes
C736,22,142.8512424987987,Yes
C737,36,89.34505326915574,No
C738,24,147.3557389803754,No
C739,5,79.39360525324655,Yes
C740,6,22.85717936508068,No
C741,6,144.27425748197595,No
C742,22,86.7427709491445,No
C743,9,26.254021301167214,Yes
C744,52,191.87036123056816,No
C745,15,35.90313646704415,No
C746,4,178.0186884964637,No
C747,48,60.61542864172539,No
C748,28,101.22184924060322,No
C749,14,131.2805940038028,No
C750,42,23.785495714732818,No
C751,19,152.42500627593222,Yes
C752,25,44.95667341497912,No
C753,10,95.8703664505251,No
C754,47,193.7956160252884,No
C755,33,157.42498417304844,Yes
C756,35,81.68624754393703,Yes
C757,50,173.11087750323534,No
C758,50,141.92847767059652,No
C759,52,101.40514277347773,Yes
C760,15,20.171342363531206,No
C761,9,60.847217559376666,No
C762,43,26.417032359141,Yes
C763,19,149.74640008874408,Yes
C764,2,85.5125504677703,Yes
C765,54,24.820793107185548,Yes
C766,14,63.06262939058187,No
C767,53,197.39725744942288,Yes
C768,35,28.828339612980336,Yes
C769,16,198.72414536290637,No
C770,59,48.797255142153276,No
C771,44,24.929887722175565,Yes
C772,58,179.89555820900378,Yes
C773,45,60.49970704089474,Yes
C774,3,179.89517694406834,Yes
C775,36,145.97738875513016,Yes
C776,5,64.5408950491173,Yes
C777,13,160.2254114998455,Yes
C778,9,158.15141407209822,Yes
C779,5,113.26519745363409,No
C780,8,158.27502630798983,Yes
C781,42,77.17891933556574,No
C782,15,155.3926192974061,No
C783,48,174.05034895066026,No
C784,36,113.28298814524827,Yes
C785,2,44.41773032221679,Yes
C786,48,129.2958152837919,Yes
C787,46,29.159965697589563,No
C788,39,44.31100045297729,Yes
C789,35,162.53460087084488,No
C790,19,121.8642444782384,Yes
C791,28,36.64964210125864,No
C792,11,92.1844733450308,No
C793,11,49.47720059789202,No
C794,9,179.32744822449666,Yes
C795,39,135.11901968506658,Yes
C796,1,199.73827061618576,Yes
C797,45,93.3697126859665,No
C798,15,118.08741322702355,Yes
C799,19,113.87284243786237,No
C800,15,139.91293217088497,No
C801,44,20.420297244702006,No
C802,33,78.6106677286025,No
C803,10,67.33222088965425,Yes
C804,16,103.50852175948972,Yes
C805,19,68.98962160168267,No
C806,44,189.11541171007028,Yes
C807,26,57.50834789126331,No
C808,46,133.190463233458,No
C809,3,192.68144277472317,Yes
C810,58,182.21295993337847,Yes
C811,38,66.93323461668348,Yes
C812,13,191.932143707084,Yes
C813,42,94.70928433090349,Yes
C814,52,113.68416318035658,No
C815,40,176.57463151167957,Yes
C816,59,176.67154819071462,Yes
C817,43,138.73367065573905,Yes
C818,50,184.79501577764105,Yes
C819,9,164.68239861888273,Yes
C820,28,184.1917598228627,No
C821,56,98.72670452637098,Yes
C822,35,175.1946880714642,No
C823,50,114.13369461839741,No
C824,21,61.31483786390237,Yes
C825,13,127.06291212446799,Yes
C826,26,69.94705328942939,No
C827,42,122.9012255235126,Yes
C828,10,40.13097768464348,Yes
C829,37,128.97137439772277,Yes
C830,49,159.42509173943046,No
C831,45,39.044141283719,Yes
C832,36,67.37049753271388,No
C833,24,27.537418601405612,Yes
C834,33,163.452627694871,No
C835,45,164.43048199448228,No
C836,52,156.35741755952358,Yes
C837,28,188.97239431525034,No
C838,10,94.39056470415586,No
C839,41,52.52575918772559,No
C840,50,173.8509741361738,Yes
C841,44,27.907505279428378,Yes
C842,39,184.97958317021698,Yes
C843,41,129.35790322233396,No
C844,11,110.70679466270369,No
C845,9,142.60869785656126,Yes
C846,26,188.63514582177675,Yes
C847,18,74.04198686939408,Yes
C848,39,93.7829941592465,No
C849,49,143.8193821840062,No
C850,52,123.62617672570924,No
C851,43,185.71205486697457,Yes
C852,53,82.99003799445038,Yes
C853,38,76.07678732648169,No
C854,50,168.0488130830095,No
C855,7,182.41303079385074,No
C856,20,20.120877268677567,Yes
C857,49,126.15004379839571,No
C858,54,126.92231522754142,Yes
C859,30,171.674616589727,No
C860,16,96.26353405706396,No
C861,43,90.24556312891036,Yes
C862,3,196.97715220935862,No
C863,46,72.87115203322185,Yes
C864,20,81.40801528480584,No
C865,14,22.606375624679867,No
C866,26,28.636656481881257,No
C867,29,34.891512875971884,No
C868,38,148.07219138487304,No
C869,55,154.90614618115893,Yes
C870,14,43.348016130664384,Yes
C871,46,124.07089112280883,No
C872,15,108.61281533791976,No
C873,19,28.74481137540899,No
C874,48,99.93254182244486,Yes
C875,41,53.953692063988605,Yes
C876,4,39.14539397972523,No
C877,46,174.9400283350142,Yes
C878,4,48.40049915876748,No
C879,20,45.24099608169861,No
C880,52,85.99433459772679,Yes
C881,12,36.13485715777044,Yes
C882,44,144.9072930886702,Yes
C883,8,108.26574519158488,No
C884,55,159.08545600651976,Yes
C885,13,145.7358662646177,Yes
C886,26,45.50776898997945,Yes
C887,2,76.5427717499773,Yes
C888,20,142.77564038343937,No
C889,5,185.33777592584138,Yes
C890,45,143.5767374290985,No
C891,17,67.84662121850954,No
C892,22,81.80347240474123,No
C893,14,112.38682756327651,No
C894,59,70.00917064011003,Yes
C895,13,60.76719638620479,No
C896,49,32.07980777496605,Yes
C897,46,49.522186437160684,Yes
C898,37,82.2659192790936,Yes
C899,18,44.44157115045006,Yes
C900,28,153.84215577769626,Yes
C901,48,129.72394538183642,Yes
C902,23,126.729340834306,Yes
C903,42,199.9274738761354,No
C904,31,89.62304765532474,No
C905,18,71.70690393560476,Yes
C906,21,101.94728933682264,Yes
C907,6,97.71751243319233,No
C908,8,152.19216590840537,No
C909,43,82.92113723849648,Yes
C910,11,92.71783945704944,No
C911,31,47.04836121507341,Yes
C912,56,94.75964649025204,Yes
C913,46,160.86442548965633,Yes
C914,53,77.29905806196156,Yes
C915,6,128.96315514392,No
C916,25,43.43012870138553,No
C917,40,112.49445164514734,Yes
C918,29,129.95164104576057,Yes
C919,15,153.39091402076664,Yes
C920,13,151.97767454144739,No
C921,58,86.520840253731,Yes
C922,45,82.38479803507163,No
C923,4,118.01647825458308,Yes
C924,57,51.73985898938905,Yes
C925,35,78.48188135567676,No
C926,58,126.36504056559582,Yes
C927,16,148.26630932159208,Yes
C928,55,163.88766358394813,Yes
C929,1,157.96517017163202,Yes
C930,27,151.55581881442333,Yes
C931,19,196.22123351340605,No
C932,50,157.81718722794002,No
C933,8,123.26681490970056,Yes
C934,24,96.40922415628417,Yes
C935,37,56.45017404351086,No
C936,17,121.65138591772131,No
C937,15,157.09397915869388,Yes
C938,20,146.58154984433457,Yes
C939,7,182.38429009032825,No
C940,41,192.8921691028907,Yes
C941,43,94.10254351905571,No
C942,50,61.230385051030304,Yes
C943,42,92.01188056531879,Yes
C944,53,110.64706018490172,No
C945,53,133.09656018897732,Yes
C946,28,32.83262280141939,No
C947,33,82.00335480316713,No
C948,59,156.19516738095243,Yes
C949,31,148.14474466524223,Yes
C950,3,130.4853036727623,No
C951,30,184.46076465663452,No
C952,27,35.0851072549019,Yes
C953,6,65.86035426702844,Yes
C954,17,165.96226215046946,Yes
C955,44,117.2539477088983,No
C956,56,171.22181700701202,No
C957,1,190.1323494351124,Yes
C958,15,103.87874726569542,Yes
C959,2,102.25987482451347,No
C960,30,156.82722786002287,No
C961,50,22.41774637676286,Yes
C962,16,50.4289922268541,No
C963,32,129.01598440268344,No
C964,24,188.10537644804822,Yes
C965,32,160.60116798134675,No
C966,26,167.30357736599257,No
C967,44,22.018191367069303,Yes
C968,30,82.67476381612013,No
C969,12,136.79838967087807,Yes
C970,47,98.07620391746997,No
C971,58,35.59421879816135,No
C972,23,81.09835164568096,No
C973,12,192.13777902535668,Yes
C974,15,56.04662258131456,No
C975,58,40.88794681886006,Yes
C976,32,104.05273799951871,Yes
C977,34,30.36962830202617,Yes
C978,52,98.00154834473311,Yes
C979,13,32.20299147473745,No
C980,20,94.15179445780663,Yes
C981,34,34.24849595773004,No
C982,28,31.682628761053337,No
C983,2,174.61893546892122,No
C984,39,77.37402192021497,No
C985,43,80.53857720357678,No
C986,46,180.3549395717084,Yes
C987,21,182.02328106103835,Yes
C988,57,96.10706509670202,No
C989,32,45.59828635673957,Yes
C990,53,186.41042786465903,No
C991,51,120.07094029975487,Yes
C992,53,72.9851015385835,Yes
C993,56,96.56467622037512,No
C994,57,152.33008043422515,No
C995,50,158.79504843741515,No
C996,42,132.88701707528787,No
C997,57,154.2239709698195,Yes
C998,45,108.76642560811986,No
C999,11,194.2932832380731,Yes
C1000,30,162.97970794563557,No
C1001,24,194.6396960544434,Yes
C1002,46,193.87774479397564,No
C1003,26,28.13344422700023,Yes
C1004,57,177.42576390031059,Yes
C1005,38,44.33599782220905,No
C1006,8,97.0539388398397,No
C1007,42,114.58220436361435,Yes
C1008,44,70.77904142611463,Yes
C1009,42,60.55433286573397,Yes
C1010,15,119.94625907074779,Yes
C1011,22,27.318040174874767,Yes
C1012,55,78.96519920480799,Yes
C1013,52,107.76324990719789,Yes
C1014,58,57.43945229916095,No
C1015,20,111.64863072367247,Yes
C1016,1,71.88606227784476,Yes
C1017,14,78.69050208123053,No
C1018,32,162.49374222531756,No
C1019,6,62.285655621195474,No
C1020,5,171.80133451922023,Yes
C1021,48,145.9164530529321,No
C1022,20,189.75552187320983,Yes
C1023,9,136.46978873313788,No
C1024,55,164.99477529943815,No
C1025,28,149.3962653928137,No
C1026,50,68.10164180425667,No
C1027,40,58.18647206408822,Yes
C1028,36,28.51433107059624,Yes
C1029,21,125.19352010846369,No
C1030,53,81.1857075367288,Yes
C1031,37,42.092391233554636,Yes
C1032,15,69.00020258911567,Yes
C1033,44,175.3509964384043,No
C1034,25,26.35144674253988,Yes
C1035,24,164.79249365037478,No
C1036,54,145.69327168079988,Yes
C1037,7,152.1605711367244,No
C1038,35,97.78109779142055,Yes
C1039,5,90.60464377267073,No
C1040,55,176.86855608746092,No
C1041,40,48.19396708324305,Yes
C1042,12,90.14712175932847,No
C1043,28,81.96536976483372,Yes
C1044,11,66.96929606850874,No
C1045,22,141.6772991061308,Yes
C1046,13,123.9198619253304,No
C1047,50,61.85762034574345,No
C1048,29,59.319414803223545,Yes
C1049,28,136.91973014114933,Yes
C1050,10,37.15321919272267,No
C1051,10,155.1120791897393,No
C1052,16,62.1048670443808,No
C1053,29,89.02687021845388,Yes
C1054,12,111.36353662822148,No
C1055,2,104.9120250876064,Yes
C1056,28,93.97159011264543,No
C1057,38,39.58430740679756,Yes
C1058,6,188.1830281104221,No
C1059,30,141.59604505337262,No
C1060,25,94.73127150558453,No
C1061,10,47.61832592444265,Yes
C1062,7,119.12417948670684,No
C1063,57,142.13317608183198,Yes
C1064,43,82.79407169424854,No
C1065,33,148.6369097757752,No
C1066,42,118.27446412133811,No
C1067,7,145.1852213246113,Yes
C1068,51,161.60329663152922,Yes
C1069,57,21.18804508888899,No
C1070,47,89.30474434145394,Yes
C1071,12,108.60375010297658,Yes
C1072,50,182.56920094558538,Yes
C1073,39,42.333749296772595,Yes
C1074,57,161.43964824307272,Yes
C1075,44,31.305787592977495,Yes
C1076,40,177.22377608414152,No
C1077,43,192.39860205125154,Yes
C1078,28,63.44038390500694,Yes
C1079,25,113.71400252690677,No
C1080,32,58.959217482731994,No
C1081,10,62.14432696475767,No
C1082,41,98.80054608058686,No
C1083,36,194.21007655914266,No
C1084,55,33.64514803074057,Yes
C1085,40,92.00521490486908,Yes
C1086,47,128.1641049700685,No
C1087,16,101.37733959489385,Yes
C1088,41,199.88569689246515,No
C1089,31,186.395783484187,No
C1090,41,124.06745371571445,Yes
C1091,4,100.35761089600003,Yes
C1092,20,34.44647081839351,No
C1093,21,90.52294242695848,No
C1094,24,131.84309544612134,Yes
C1095,38,181.371528680842,Yes
C1096,57,175.47880159653553,No
C1097,4,101.80874093206009,No
C1098,2,101.72399435982365,Yes
C1099,24,148.1669536463226,Yes
C1100,44,33.84279826438531,Yes
C1101,48,123.87279973541987,Yes
C1102,27,37.21916519613437,Yes
C1103,27,126.51551426636404,No
C1104,53,99.55748951020576,No
C1105,59,106.51459191154572,No
C1106,1,124.05279087342586,No
C1107,35,182.55103657457983,No
C1108,7,53.14012030154561,No
C1109,55,156.45773400380392,Yes
C1110,16,163.24547363392944,Yes
C1111,50,103.51472536497404,No
C1112,29,153.0747239677352,No
C1113,15,76.16095441422743,Yes
C1114,8,175.47923171904455,Yes
C1115,26,199.71025652240667,Yes
C1116,27,167.40673813010105,No
C1117,48,104.65518314932164,Yes
C1118,13,82.6137416879734,Yes
C1119,41,37.204555012125134,Yes
C1120,19,95.269617373478,No
C1121,33,179.16719898669686,Yes
C1122,10,57.16076676844462,No
C1123,34,180.55160023349887,No
C1124,50,43.418148416835464,No
C1125,27,148.3550437284698,Yes
C1126,49,90.21588585889442,Yes
C1127,24,145.20631438341718,Yes
C1128,30,46.258077839780995,Yes
C1129,40,36.107848088814436,No
C1130,36,146.22647994121726,Yes
C1131,46,170.5875825563494,Yes
C1132,54,32.10538132661165,No
C1133,13,174.48710205798992,No
C1134,33,165.3619491771144,No
C1135,59,77.83645054329654,Yes
C1136,10,103.8599082742061,No
C1137,38,75.46149664052197,Yes
C1138,38,51.67224203296938,Yes
C1139,26,48.5985927378021,No
C1140,12,121.31260298667516,Yes
C1141,27,77.94831235545618,Yes
C1142,21,24.503566713206087,Yes
C1143,9,158.26171944387866,Yes
C1144,33,145.06224349625458,No
C1145,19,197.27539504946137,No
C1146,3,177.89162142273057,Yes
C1147,13,114.4472258875687,No
C1148,41,37.95261621585446,Yes
C1149,51,105.43721688801517,Yes
C1150,53,168.97413485916442,No
C1151,48,153.3115941179116,Yes
C1152,42,48.76284017862862,Yes
C1153,39,24.29576922326934,Yes
C1154,52,98.03596745053639,Yes
C1155,2,99.77436453441238,No
C1156,32,168.73421720684706,No
C1157,47,166.3992384211364,Yes
C1158,42,42.6179225766551,Yes
C1159,30,45.529752542919056,Yes
C1160,57,75.89888123491777,No
C1161,21,150.9442971198323,Yes
C1162,54,152.13989582262366,Yes
C1163,23,196.99338589224413,Yes
C1164,39,34.884745238488385,Yes
C1165,7,23.68426633807479,No
C1166,32,185.09070095691808,Yes
C1167,4,197.76802972200446,Yes
C1168,28,167.30092705921896,Yes
C1169,9,68.66743147994706,Yes
C1170,22,194.41643762167516,Yes
C1171,10,75.52650031844183,No
C1172,17,138.6758596997928,No
C1173,41,138.02351077793682,Yes
C1174,30,102.45422874532998,No
C1175,2,145.40117110781057,Yes
C1176,10,158.10405120793874,Yes
C1177,28,109.32436393976786,No
C1178,49,74.98667582110409,Yes
C1179,22,174.25425109337735,No
C1180,37,148.05750443615247,Yes
C1181,45,86.63220426118754,Yes
C1182,55,121.51709619481518,Yes
C1183,46,60.28616038220505,No
C1184,22,124.78970188105394,No
C1185,20,133.37224136992697,Yes
C1186,12,176.1661888378982,Yes
C1187,11,178.9218112557179,No
C1188,22,103.65934613489387,No
C1189,13,182.5274068406122,No
C1190,47,114.71687459574895,Yes
C1191,7,103.09774248669676,No
C1192,12,162.4811840348925,No
C1193,39,177.47866913973874,Yes
C1194,1,111.12609442815128,Yes
C1195,7,139.46658796593374,No
C1196,10,119.80374672321344,No
C1197,20,63.21338765437065,Yes
C1198,19,61.82102498606851,Yes
C1199,14,181.2760116899621,Yes
C1200,4,45.84704693679959,Yes
C1201,20,43.79345266949237,Yes
C1202,43,54.63192841817627,No
C1203,19,71.5169768847686,No
C1204,51,125.14756757734432,No
C1205,19,173.50498505130048,No
C1206,33,177.62817441049597,No
C1207,47,63.4241440867253,Yes
C1208,45,112.32606330631296,Yes
C1209,59,190.2020493001587,Yes
C1210,49,197.87901399100838,No
C1211,3,155.95690118916673,Yes
C1212,2,127.94356170923454,No
C1213,25,52.78418390715016,Yes
C1214,7,157.29615423352817,No
C1215,1,140.6575000253527,Yes
C1216,15,67.86799390098267,No
C1217,47,178.08055972529584,No
C1218,29,173.96773442201825,No
C1219,21,128.96320058330767,No
C1220,19,46.02039015904455,No
C1221,8,63.713955049716915,No
C1222,41,61.770052118119004,Yes
C1223,23,182.40768214822242,No
C1224,27,179.10738182457385,Yes
C1225,57,139.0800092087257,No
C1226,12,56.76062018368406,No
C1227,2,110.98871778684774,No
C1228,49,113.59296135685103,Yes
C1229,28,114.50795664993188,Yes
C1230,5,47.40817698161199,No
C1231,27,127.53484013945513,Yes
C1232,50,79.68829579818565,Yes
C1233,4,20.895060948823016,No
C1234,59,47.40217777834431,Yes
C1235,9,186.14683589477187,Yes
C1236,54,47.08033104233603,No
C1237,54,95.83245809973508,No
C1238,55,189.7570776098998,No
C1239,21,199.7268605727105,No
C1240,42,26.23610209964041,Yes
C1241,29,67.5217662530107,No
C1242,40,22.178395835385068,Yes
C1243,53,154.51254262337255,No
C1244,4,148.30606475172837,No
C1245,52,105.29027842467102,Yes
C1246,38,52.17408654227899,Yes
C1247,27,48.8375087323498,No
C1248,14,90.72407761725167,Yes
C1249,15,129.99486662028647,No
C1250,2,180.36888887784792,Yes
C1251,20,88.25168323996624,Yes
C1252,39,65.76128344460496,No
C1253,6,120.20755755344703,No
C1254,36,64.23319630739283,Yes
C1255,26,114.32169844371468,No
C1256,53,42.04276606355893,Yes
C1257,47,174.34038887362166,No
C1258,14,173.87710586103415,No
C1259,24,121.81838991793123,No
C1260,15,75.46549518177744,Yes
C1261,10,187.06395238826886,Yes
C1262,21,61.88981504778103,Yes
C1263,30,173.3797538550688,No
C1264,9,162.69134697670924,No
C1265,5,196.61932108184195,Yes
C1266,41,161.51304545631098,No
C1267,52,191.6901283851758,No
C1268,22,165.1858651273466,Yes
C1269,33,191.32454336909424,Yes
C1270,15,197.49478092717237,No
C1271,31,70.47408411348613,No
C1272,20,159.66897860677665,No
C1273,29,77.78528041132813,Yes
C1274,27,69.98025443035985,No
C1275,15,23.130734401465443,Yes
C1276,47,77.91170656632116,Yes
C1277,35,175.361507934934,No
C1278,11,122.38859844604906,Yes
C1279,45,63.0921436199787,No
C1280,40,88.21258872470948,Yes
C1281,48,62.72343873733525,Yes
C1282,19,166.0677245908455,No
C1283,55,52.38398430409639,Yes
C1284,40,126.14489356805552,Yes
C1285,51,58.898440033696474,No
C1286,59,129.1015667818329,No
C1287,13,188.74624072566158,Yes
C1288,2,40.42860201885462,Yes
C1289,58,140.7828600390692,Yes
C1290,29,136.79591490123707,No
C1291,40,160.41201555965316,Yes
C1292,53,157.44540024470803,Yes
C1293,35,82.94755170583417,No
C1294,28,182.25717412492463,Yes
C1295,19,45.888134193947224,Yes
C1296,51,181.4893942568217,Yes
C1297,16,190.7780895079041,No
C1298,5,177.77572360378724,Yes
C1299,30,194.69172218587605,No
C1300,10,182.6451961934761,Yes
C1301,52,100.51971426023462,Yes
C1302,56,106.23207158912547,No
C1303,36,141.61324748268265,No
C1304,44,35.250637467697416,Yes
C1305,43,72.41542003913162,Yes
C1306,24,73.82651448779525,Yes
C1307,31,129.6474862336625,Yes
C1308,39,139.38128449718027,Yes
C1309,47,104.77815013489038,Yes
C1310,37,36.78249057938636,No
C1311,57,193.31313303114237,Yes
C1312,29,193.876089350479,Yes
C1313,32,98.56263116022348,Yes
C1314,56,102.04894901853268,No
C1315,5,165.8757295282802,No
C1316,47,180.9237620635252,Yes
C1317,9,99.35896456329559,No
C1318,37,199.61593083284978,Yes
C1319,2,189.7642508971923,Yes
C1320,4,60.01938939229383,No
C1321,37,24.496592634826293,No
C1322,40,56.00124903769023,No
C1323,56,167.38869397926248,No
C1324,56,77.27876065298534,No
C1325,50,157.70582554379928,No
C1326,11,97.93833727099957,Yes
C1327,13,116.50198512886298,No
C1328,33,137.7700225237275,Yes
C1329,33,110.92151142171733,Yes
C1330,20,170.14599840370897,Yes
C1331,31,107.43637935092954,No
C1332,44,56.2446501478801,No
C1333,1,120.3221499951353,No
C1334,52,23.140280352605856,No
C1335,9,118.65983982184552,No
C1336,24,129.70977037662368,No
C1337,2,171.97818075564746,Yes
C1338,35,112.70809149638043,Yes
C1339,38,33.35546310497307,No
C1340,40,55.75240928444786,No
C1341,46,41.29498980953343,No
C1342,51,199.4357311106481,No
C1343,4,27.05359286420537,Yes
C1344,51,34.3080055836996,No
C1345,48,56.94336591131236,Yes
C1346,58,28.335729855410715,Yes
C1347,23,170.6418329941005,Yes
C1348,56,50.040183046779205,No
C1349,49,179.80450514670565,Yes
C1350,59,96.37948378689376,Yes
C1351,52,186.6522613793076,Yes
C1352,16,24.192936653894428,Yes
C1353,45,24.72028195593255,Yes
C1354,46,191.6285561913681,Yes
C1355,54,126.42601939772538,No
C1356,56,132.6736253266824,Yes
C1357,29,189.66615557269068,Yes
C1358,12,51.049523781739836,Yes
C1359,13,182.61205680565473,Yes
C1360,53,81.88973665323937,No
C1361,23,145.75114126845207,No
C1362,31,104.51830108551452,Yes
C1363,39,158.4367602264259,Yes
C1364,58,87.7130709251113,Yes
C1365,34,35.35774754223176,Yes
C1366,19,174.69994019954598,No
C1367,14,196.12003740740656,No
C1368,26,42.97749609033176,Yes
C1369,45,126.34414345384614,Yes
C1370,45,149.57127767050525,No
C1371,14,167.59622975010288,No
C1372,25,151.25121557095972,No
C1373,17,38.794055286856995,No
C1374,42,134.18202408749914,No
C1375,2,158.63163795502106,Yes
C1376,16,185.82966895793882,Yes
C1377,54,44.79125191902742,Yes
C1378,38,148.16156703466615,No
C1379,38,158.76351347816265,Yes
C1380,48,194.83812398578263,No
C1381,31,139.73725757684417,Yes
C1382,55,21.70722027138816,No
C1383,34,76.5489847597567,No
C1384,40,152.50832097864006,Yes
C1385,24,97.94992312579305,Yes
C1386,36,48.31875883851933,Yes
C1387,30,123.69057313182664,Yes
C1388,39,134.90698461419817,No
C1389,55,189.55212115500194,Yes
C1390,53,57.05174783807833,No
C1391,45,64.01156418884833,Yes
C1392,13,132.63066412846263,Yes
C1393,57,160.032542746337,Yes
C1394,17,107.4425485847714,No
C1395,50,123.91347875136424,Yes
C1396,50,47.889014417337336,Yes
C1397,55,148.7058585098793,Yes
C1398,49,25.341278841792874,Yes
C1399,48,46.03897683524785,No
C1400,9,34.28798328545519,No
C1401,54,55.00554927200239,Yes
C1402,9,150.52065693080135,Yes
C1403,17,92.28408952133505,No
C1404,25,108.09407715599444,Yes
C1405,44,74.64796325393286,Yes
C1406,10,56.52041562757584,No
C1407,47,24.153300040776514,Yes
C1408,13,82.8260490277311,No
C1409,32,166.61597822760316,Yes
C1410,15,137.66178947507495,Yes
C1411,36,33.31597149559645,Yes
C1412,32,121.93142312129612,No
C1413,6,74.02117386326567,No
C1414,26,99.28392110001559,No
C1415,6,87.46499044202606,Yes
C1416,56,169.67075793523858,Yes
C1417,8,71.9184364442178,Yes
C1418,19,52.871832528451336,No
C1419,47,114.94030062130265,Yes
C1420,54,198.43693430449886,No
C1421,32,93.3405344171249,Yes
C1422,58,107.49188897400856,Yes
C1423,7,109.30440103731054,Yes
C1424,33,173.24398112246098,Yes
C1425,44,148.27264761782072,No
C1426,46,111.27602089587606,No
C1427,57,58.118980639580656,No
C1428,36,107.27702577390426,Yes
C1429,10,124.83425946241495,No
C1430,59,30.069733051940467,Yes
C1431,40,105.90593568361717,Yes
C1432,8,54.26090577692633,Yes
C1433,18,61.05361937043724,Yes
C1434,21,167.1965766376459,Yes
C1435,54,45.38642923967821,No
C1436,29,85.73720683717964,No
C1437,11,22.728444405441753,No
C1438,25,50.601961335948815,Yes
C1439,53,43.25388590717026,No
C1440,53,121.1504938899586,Yes
C1441,27,120.64869325104796,No
C1442,19,137.6986635464504,Yes
C1443,59,41.24460669631771,Yes
C1444,17,61.01607161744499,Yes
C1445,59,188.62531068864496,Yes
C1446,38,139.41341168567183,No
C1447,24,92.15472735939521,No
C1448,58,25.178864939494296,No
C1449,6,178.71378541437602,No
C1450,36,117.8404346856222,Yes
C1451,14,30.787305802241374,Yes
C1452,4,172.98240640555574,Yes
C1453,58,31.69139203902987,No
C1454,18,124.16641665706857,No
C1455,52,145.90604228465875,Yes
C1456,27,178.1338820076266,No
C1457,2,192.9257898377383,Yes
C1458,49,140.91517964163762,No
C1459,54,195.30456782220887,Yes
C1460,3,32.35071330290334,Yes
C1461,25,156.06156812818966,No
C1462,39,93.20821140417576,No
C1463,30,135.5193881782285,Yes
C1464,1,97.9427654725902,No
C1465,25,75.66529387909276,No
C1466,25,64.55512184720541,Yes
C1467,47,119.56387548092249,No
C1468,33,121.46869509504569,No
C1469,13,81.80404712328911,No
C1470,53,114.4701749163518,Yes
C1471,12,37.74294997797791,Yes
C1472,33,156.24015880704,Yes
C1473,55,57.24270125988152,Yes
C1474,21,190.53229859252238,Yes
C1475,21,135.46101986168821,Yes
C1476,38,143.57451165039885,Yes
C1477,38,128.93119816852516,No
C1478,27,148.97439520192864,Yes
C1479,36,138.67866405955655,No
C1480,23,127.05594388142376,No
C1481,13,154.73954697872605,Yes
C1482,17,184.87904797217988,Yes
C1483,23,62.19823044412321,Yes
C1484,37,148.35929263939198,No
C1485,21,181.54131206156939,Yes
C1486,29,27.11756644149757,No
C1487,46,106.66080952716051,Yes
C1488,58,196.35351406155095,Yes
C1489,13,44.73688527746508,Yes
C1490,45,40.05983161627083,Yes
C1491,3,154.77668878624038,No
C1492,5,25.18043093164649,No
C1493,47,154.71020675846842,Yes
C1494,35,20.723312750027116,No
C1495,59,103.90007834919383,No
C1496,43,187.14111127579991,Yes
C1497,46,171.00050628489257,Yes
C1498,50,29.511713340264656,Yes
C1499,14,106.6358730999678,Yes
